{

  "gantry-main": {

      "_cam_cal_dot": {
        "u": 0.0,
        "v": 0.0,
        "w": 0.0,
        "x": 176.910565,
        "y": 81.01501,
        "z": 16.344765
      },
      "_cam_dispense_1": {
        "u": 0.0,
        "v": 0.0,
        "w": 0.0,
        "x": 173.8762709832546,
        "y": 80.82136639968556,
        "z": 16.894765
      },
      "_cam_dispense_2": {
        "u": 0.0,
        "v": 0.0,
        "w": 0.0,
        "x": 179.045466,
        "y": 80.677537,
        "z": 16.894765
      },
      "caldot": {
        "u": 0.0,
        "v": 0.0,
        "w": 0.0,
        "x": 74.18479,
        "y": 93.982894,
        "z": 43.894765
      },
      "dispense1": {
        "u": 0.0,
        "v": 0.0,
        "w": 0.0,
        "x": 70.96183071244927,
        "y": 93.72024001530474,
        "z": 44.694765000000054
      },
      "dispense1safe": {
        "u": 0.0,
        "v": 0.0,
        "w": 0.0,
        "x": 70.96183071244927,
        "y": 93.72024001530474,
        "z": 44.694109933226585
      },
      "dispense2": {
        "u": 0.0,
        "v": 0.0,
        "w": 0.0,
        "x": 76.13102572919466,
        "y": 93.57641061561918,
        "z": 44.794765000000055
      },
      "dispense2safe": {
        "u": 0.0,
        "v": 0.0,
        "w": 0.0,
        "x": 76.13102572919466,
        "y": 93.57641061561918,
        "z": 44.294765000000055
      },
      "fiducial1": {
        "u": 0.0,
        "v": 0.0,
        "w": 0.0,
        "x": 175.21783,
        "y": 83.52645375,
        "z": 16.94476478091031
      },
      "fiducial2": {
        "u": 0.0,
        "v": 0.0,
        "w": 0.0,
        "x": 179.21311,
        "y": 83.51889375,
        "z": 16.94476478091031
      },
      "fiducial3": {
        "u": 0.0,
        "v": 0.0,
        "w": 0.0,
        "x": 175.16575,
        "y": 79.03077375,
        "z": 16.94476478091031
      },
      "home": {
        "u": 0.0,
        "v": 0.0,
        "w": 0.0,
        "x": 3.0,
        "y": 3.0,
        "z": 12.0
      },
      "midback": {
        "u": 0.0,
        "v": 0.0,
        "w": 0.0,
        "x": 109.99,
        "y": 3.0,
        "z": 8.0
      },
      "node_4027": {
        "u": 0.0,
        "v": 0.0,
        "w": 0.0,
        "x": 143.20999999999998,
        "y": 75.7,
        "z": 8.244764
      },
      "predispense": {
        "u": 0.0,
        "v": 0.0,
        "w": 0.0,
        "x": 71.1,
        "y": 93.7,
        "z": 25.0
      },
      "safe": {
        "u": 0.0,
        "v": 0.0,
        "w": 0.0,
        "x": 143.19,
        "y": 75.7,
        "z": 8.244764
      },
      "safeFront": {
        "u": 0.0,
        "v": 0.0,
        "w": 0.0,
        "x": 138.8,
        "y": 75.7,
        "z": 8.2447644116136
      },
      "safe_left": {
        "u": 0.0,
        "v": 0.0,
        "w": 0.0,
        "x": 78.21,
        "y": 75.7,
        "z": 8.244764
      },
      "seecollimatelens": {
        "u": 0.0,
        "v": 0.0,
        "w": 0.0,
        "x": 174.38703,
        "y": 80.68137375,
        "z": 16.24476478091029
      },
      "seeemitter": {
        "u": 0.0,
        "v": 0.0,
        "w": 0.0,
        "x": 172.69319,
        "y": 81.03669375,
        "z": 16.64476478091031
      },
      "seefocuslens": {
        "u": 0.0,
        "v": 0.0,
        "w": 0.0,
        "x": 179.37263,
        "y": 80.528454,
        "z": 16.144765
      },
      "seegripcolllens": {
        "u": 0.0,
        "v": 0.0,
        "w": 0.0,
        "x": 173.55375,
        "y": 88.110334,
        "z": 16.594765
      },
      "seegripfocuslens": {
        "u": 0.0,
        "v": 0.0,
        "w": 0.0,
        "x": 178.67743,
        "y": 88.21869375,
        "z": 16.4347647809103
      },
      "seepic": {
        "u": 0.0,
        "v": 0.0,
        "w": 0.0,
        "x": 180.70807,
        "y": 81.23829375,
        "z": 16.3447647809103
      },
      "seesled": {
        "u": 0.0,
        "v": 0.0,
        "w": 0.0,
        "x": 172.18479,
        "y": 78.98289375,
        "z": 16.3447647809103
      },
      "snviewing": {
        "u": 0.0,
        "v": 0.0,
        "w": 0.0,
        "x": 181.86255,
        "y": 84.34645375,
        "z": 17.444764780910297
      },
      "uv": {
        "u": 0.0,
        "v": 0.0,
        "w": 0.0,
        "x": 142.315,
        "y": 75.876,
        "z": 47.6747647809102
      }

  },
  "hex-bottom": {

      "calibration": {
        "u": 0.0,
        "v": 0.0,
        "w": 0.0,
        "x": 25.0,
        "y": 25.0,
        "z": 5.0
      },
      "home": {
        "u": 0.0,
        "v": 0.0,
        "w": 0.0,
        "x": 0.0,
        "y": 0.0,
        "z": 0.0
      }

  },
  "hex-left": {

      "approachlensgrip": {
        "u": -1.99999548617,
        "v": 2.90553782178e-06,
        "w": -2.71968061736e-06,
        "x": -2.09000245803,
        "y": 2.92999264874,
        "z": -1.19999968196
      },
      "approachlensplace": {
        "u": 1.33923973426e-06,
        "v": 4.19133689255e-07,
        "w": 3.2009685986e-06,
        "x": -1.35999764493,
        "y": -4.69999946624,
        "z": -0.599998962525
      },
      "avoiddispenser": {
        "u": -3.00585124105e-07,
        "v": -1.23806818896e-06,
        "w": -9.27301552865e-07,
        "x": 4.64000259568,
        "y": 7.99999455736,
        "z": 9.06757038239e-07
      },
      "clear_vision": {
        "u": -3e-06,
        "v": 0.0,
        "w": 3e-06,
        "x": 4.640003,
        "y": 14.499992,
        "z": 1e-06
      },
      "home": {
        "u": -8.63582253746e-07,
        "v": 5.01522321609e-07,
        "w": -5.14839266999e-07,
        "x": 4.64000256366,
        "y": 6.49999459271,
        "z": 4.93080495736e-07
      },
      "leftseeprobe": {
        "u": -3.00585124105e-07,
        "v": -1.23806818896e-06,
        "w": -9.27301552865e-07,
        "x": 4.64000259568,
        "y": 7.99999455736,
        "z": 9.06757038239e-07
      },
      "lensgrip": {
        "u": -1.99999477818,
        "v": 3.65234620268e-06,
        "w": 6.39214546836e-07,
        "x": -6.18999143543,
        "y": 2.95000021156,
        "z": -1.1500004227
      },
      "lensplace": {
        "u": -2.49999369465,
        "v": 1.69741011408e-10,
        "w": -1.65173650018e-05,
        "x": -5.72999235421,
        "y": -4.57998677856,
        "z": -0.739998421404
      },
      "lensplacecalculated": {
        "u": -2.20006489923,
        "v": 0.800001084294,
        "w": -0.300306716562,
        "x": -5.51519997172,
        "y": -4.63578319827,
        "z": 1.60813985059
      },
      "parkinside": {
        "u": -4.03627312681e-07,
        "v": -2.17236832962e-07,
        "w": -2.42460431633e-06,
        "x": 4.63999793546,
        "y": -9.00000350943,
        "z": -7.98607480694e-07
      },
      "rejectlens": {
        "u": -1.99999392056,
        "v": 0.900002345667,
        "w": 1.93200538997e-06,
        "x": -5.45999613865,
        "y": 7.97999166547,
        "z": -2.25999874438
      }

  },
  "hex-right": {

      "approachlensgrip": {
        "u": 8.64888958725e-06,
        "v": -9.74635495712e-06,
        "w": 2.50795574299e-05,
        "x": -1.49000823814,
        "y": -1.53998667454,
        "z": -0.604999704568
      },
      "approachlensplace": {
        "u": 9.78304611427e-06,
        "v": -7.84951300644e-06,
        "w": 2.54647593428e-05,
        "x": -1.49000485032,
        "y": 6.26001275343,
        "z": -0.604999056792
      },
      "avoiddispenser": {
        "u": 3.43848528513e-06,
        "v": 1.7169072186e-06,
        "w": -1.19761986177e-06,
        "x": 4.64000497644,
        "y": -7.99999744005,
        "z": -1.19999947306
      },
      "clear_vision": {
        "u": 1e-06,
        "v": 2e-06,
        "w": -3e-06,
        "x": 4.640003,
        "y": -9.999994,
        "z": -1.2
      },
      "home": {
        "u": 3.42387907228e-06,
        "v": 1.87408049548e-08,
        "w": -3.11023641614e-06,
        "x": 4.64000065912,
        "y": 3.47536842903e-07,